P001;Monitor Curvo 27;15;299,99
P002;Teclado Mecánico;0;75,50
P003;Disco SSD 1TB;30;89,90
P004;Webcam 4K;5;120,00
P001;Monitor Curvo 27;15;299,99
P002;Teclado Mecánico;0;75,50
P003;Disco SSD 1TB;30;89,90
P004;Webcam 4K;5;120,00
P001;Monitor Curvo 27;15;299,99
P002;Teclado Mecánico;0;75,50
P003;Disco SSD 1TB;30;89,90
P004;Webcam 4K;5;120,00
P001;Monitor Curvo 27;15;299,99
P002;Teclado Mecánico;0;75,50
P003;Disco SSD 1TB;30;89,90
P004;Webcam 4K;5;120,00
P001;Monitor Curvo 27;15;299,99
P002;Teclado Mecánico;0;75,50
P003;Disco SSD 1TB;30;89,90
P004;Webcam 4K;5;120,00
P001;Monitor Curvo 27;15;299,99
P002;Teclado Mecánico;0;75,50
P003;Disco SSD 1TB;30;89,90
P004;Webcam 4K;5;120,00
P001;Monitor Curvo 27;15;299,99
P002;Teclado Mecánico;0;75,50
P003;Disco SSD 1TB;30;89,90
P004;Webcam 4K;5;120,00
P001;Monitor Curvo 27;15;299,99
P002;Teclado Mecánico;0;75,50
P003;Disco SSD 1TB;30;89,90
P004;Webcam 4K;5;120,00
P001;Monitor Curvo 27;15;299,99
P002;Teclado Mecánico;0;75,50
P003;Disco SSD 1TB;30;89,90
P004;Webcam 4K;5;120,00
P001;Monitor Curvo 27;15;299,99
P002;Teclado Mecánico;0;75,50
P003;Disco SSD 1TB;30;89,90
P004;Webcam 4K;5;120,00
P001;Monitor Curvo 27;15;299,99
P002;Teclado Mecánico;0;75,50
P003;Disco SSD 1TB;30;89,90
P004;Webcam 4K;5;120,00
P001;Monitor Curvo 27;15;299,99
P002;Teclado Mecánico;0;75,50
P003;Disco SSD 1TB;30;89,90
P004;Webcam 4K;5;120,00
P001;Monitor Curvo 27;15;299,99
P002;Teclado Mecánico;0;75,50
P003;Disco SSD 1TB;30;89,90
P004;Webcam 4K;5;120,00
P001;Monitor Curvo 27;15;299,99
P002;Teclado Mecánico;0;75,50
P003;Disco SSD 1TB;30;89,90
P004;Webcam 4K;5;120,00
P001;Monitor Curvo 27;15;299,99
P002;Teclado Mecánico;0;75,50
P003;Disco SSD 1TB;30;89,90
P004;Webcam 4K;5;120,00
P001;Monitor Curvo 27;15;299,99
P002;Teclado Mecánico;0;75,50
P003;Disco SSD 1TB;30;89,90
P004;Webcam 4K;5;120,00
P001;Monitor Curvo 27;15;299,99
P002;Teclado Mecánico;0;75,50
P003;Disco SSD 1TB;30;89,90
P004;Webcam 4K;5;120,00
P001;Monitor Curvo 27;15;299,99
P002;Teclado Mecánico;0;75,50
P003;Disco SSD 1TB;30;89,90
P004;Webcam 4K;5;120,00
P001;Monitor Curvo 27;15;299,99
P002;Teclado Mecánico;0;75,50
P003;Disco SSD 1TB;30;89,90
P004;Webcam 4K;5;120,00
P001;Monitor Curvo 27;15;299,99
P002;Teclado Mecánico;0;75,50
P003;Disco SSD 1TB;30;89,90
P004;Webcam 4K;5;120,00
P001;Monitor Curvo 27;15;299,99
P002;Teclado Mecánico;0;75,50
P003;Disco SSD 1TB;30;89,90
P004;Webcam 4K;5;120,00
P001;Monitor Curvo 27;15;299,99
P002;Teclado Mecánico;0;75,50
P003;Disco SSD 1TB;30;89,90
P004;Webcam 4K;5;120,00
P001;Monitor Curvo 27;15;299,99
P002;Teclado Mecánico;0;75,50
P003;Disco SSD 1TB;30;89,90
P004;Webcam 4K;5;120,00
P001;Monitor Curvo 27;15;299,99
P002;Teclado Mecánico;0;75,50
P003;Disco SSD 1TB;30;89,90
P004;Webcam 4K;5;120,00
P001;Monitor Curvo 27;15;299,99
P002;Teclado Mecánico;0;75,50
P003;Disco SSD 1TB;30;89,90
P004;Webcam 4K;5;120,00
P001;Monitor Curvo 27;15;299,99
P002;Teclado Mecánico;0;75,50
P003;Disco SSD 1TB;30;89,90
P004;Webcam 4K;5;120,00
P001;Monitor Curvo 27;15;299,99
P002;Teclado Mecánico;0;75,50
P003;Disco SSD 1TB;30;89,90
P004;Webcam 4K;5;120,00
P001;Monitor Curvo 27;15;299,99
P002;Teclado Mecánico;0;75,50
P003;Disco SSD 1TB;30;89,90
P004;Webcam 4K;5;120,00
P001;Monitor Curvo 27;15;299,99
P002;Teclado Mecánico;0;75,50
P003;Disco SSD 1TB;30;89,90
P004;Webcam 4K;5;120,00
P001;Monitor Curvo 27;15;299,99
P002;Teclado Mecánico;0;75,50
P003;Disco SSD 1TB;30;89,90
P004;Webcam 4K;5;120,00
P001;Monitor Curvo 27;15;299,99
P002;Teclado Mecánico;0;75,50
P003;Disco SSD 1TB;30;89,90
P004;Webcam 4K;5;120,00
P001;Monitor Curvo 27;15;299,99
P002;Teclado Mecánico;0;75,50
P003;Disco SSD 1TB;30;89,90
P004;Webcam 4K;5;120,00
P001;Monitor Curvo 27;15;299,99
P002;Teclado Mecánico;0;75,50
P003;Disco SSD 1TB;30;89,90
P004;Webcam 4K;5;120,00
P001;Monitor Curvo 27;15;299,99
P002;Teclado Mecánico;0;75,50
P003;Disco SSD 1TB;30;89,90
P004;Webcam 4K;5;120,00
P001;Monitor Curvo 27;15;299,99
P002;Teclado Mecánico;0;75,50
P003;Disco SSD 1TB;30;89,90
P004;Webcam 4K;5;120,00
P001;Monitor Curvo 27;15;299,99
P002;Teclado Mecánico;0;75,50
P003;Disco SSD 1TB;30;89,90
P004;Webcam 4K;5;120,00
P001;Monitor Curvo 27;15;299,99
P002;Teclado Mecánico;0;75,50
P003;Disco SSD 1TB;30;89,90
P004;Webcam 4K;5;120,00
P001;Monitor Curvo 27;15;299,99
P002;Teclado Mecánico;0;75,50
P003;Disco SSD 1TB;30;89,90
P004;Webcam 4K;5;120,00
P001;Monitor Curvo 27;15;299,99
P002;Teclado Mecánico;0;75,50
P003;Disco SSD 1TB;30;89,90
P004;Webcam 4K;5;120,00
P001;Monitor Curvo 27;15;299,99
P002;Teclado Mecánico;0;75,50
P003;Disco SSD 1TB;30;89,90
P004;Webcam 4K;5;120,00
P001;Monitor Curvo 27;15;299,99
P002;Teclado Mecánico;0;75,50
P003;Disco SSD 1TB;30;89,90
P004;Webcam 4K;5;120,00
P001;Monitor Curvo 27;15;299,99
P002;Teclado Mecánico;0;75,50
P003;Disco SSD 1TB;30;89,90
P004;Webcam 4K;5;120,00
P001;Monitor Curvo 27;15;299,99
P002;Teclado Mecánico;0;75,50
P003;Disco SSD 1TB;30;89,90
P004;Webcam 4K;5;120,00
P001;Monitor Curvo 27;15;299,99
P002;Teclado Mecánico;0;75,50
P003;Disco SSD 1TB;30;89,90
P004;Webcam 4K;5;120,00
P001;Monitor Curvo 27;15;299,99
P002;Teclado Mecánico;0;75,50
P003;Disco SSD 1TB;30;89,90
P004;Webcam 4K;5;120,00
P001;Monitor Curvo 27;15;299,99
P002;Teclado Mecánico;0;75,50
P003;Disco SSD 1TB;30;89,90
P004;Webcam 4K;5;120,00
P001;Monitor Curvo 27;15;299,99
P002;Teclado Mecánico;0;75,50
P003;Disco SSD 1TB;30;89,90
P004;Webcam 4K;5;120,00
P001;Monitor Curvo 27;15;299,99
P002;Teclado Mecánico;0;75,50
P003;Disco SSD 1TB;30;89,90
P004;Webcam 4K;5;120,00
P001;Monitor Curvo 27;15;299,99
P002;Teclado Mecánico;0;75,50
P003;Disco SSD 1TB;30;89,90
P004;Webcam 4K;5;120,00
P001;Monitor Curvo 27;15;299,99
P002;Teclado Mecánico;0;75,50
P003;Disco SSD 1TB;30;89,90
P004;Webcam 4K;5;120,00
P001;Monitor Curvo 27;15;299,99
P002;Teclado Mecánico;0;75,50
P003;Disco SSD 1TB;30;89,90
P004;Webcam 4K;5;120,00
P001;Monitor Curvo 27;15;299,99
P002;Teclado Mecánico;0;75,50
P003;Disco SSD 1TB;30;89,90
P004;Webcam 4K;5;120,00
P001;Monitor Curvo 27;15;299,99
P002;Teclado Mecánico;0;75,50
P003;Disco SSD 1TB;30;89,90
P004;Webcam 4K;5;120,00
P001;Monitor Curvo 27;15;299,99
P002;Teclado Mecánico;0;75,50
P003;Disco SSD 1TB;30;89,90
P004;Webcam 4K;5;120,00
P001;Monitor Curvo 27;15;299,99
P002;Teclado Mecánico;0;75,50
P003;Disco SSD 1TB;30;89,90
P004;Webcam 4K;5;120,00
P001;Monitor Curvo 27;15;299,99
P002;Teclado Mecánico;0;75,50
P003;Disco SSD 1TB;30;89,90
P004;Webcam 4K;5;120,00
P001;Monitor Curvo 27;15;299,99
P002;Teclado Mecánico;0;75,50
P003;Disco SSD 1TB;30;89,90
P004;Webcam 4K;5;120,00
P001;Monitor Curvo 27;15;299,99
P002;Teclado Mecánico;0;75,50
P003;Disco SSD 1TB;30;89,90
P004;Webcam 4K;5;120,00
P001;Monitor Curvo 27;15;299,99
P002;Teclado Mecánico;0;75,50
P003;Disco SSD 1TB;30;89,90
P004;Webcam 4K;5;120,00
P001;Monitor Curvo 27;15;299,99
P002;Teclado Mecánico;0;75,50
P003;Disco SSD 1TB;30;89,90
P004;Webcam 4K;5;120,00
